title,author,isbn,category,total_copies
The Hobbit,J.R.R. Tolkien,9780261102217,Fantasy,3
Dune,Frank Herbert,9780441013593,Science Fiction,2
Clean Code,Robert C. Martin,9780132350884,Technology,2
The Pragmatic Programmer,"Andrew Hunt, David Thomas",9780135957059,Technology,1
Wings of Fire,A.P.J. Abdul Kalam,9788173711466,Biography,2
The God of Small Things,Arundhati Roy,9780006550686,Fiction,1
Sapiens,Yuval Noah Harari,9780099590088,History,2
Atomic Habits,James Clear,9781847941831,Self-help,1
Harry Potter and the Philosopher's Stone,J.K. Rowling,9780747532699,Children,4
The Jungle Book,Rudyard Kipling,9780141325293,Children,2
Panchatantra Stories,Vishnu Sharma,9788171676996,Children,3
Charlotte's Web,E.B. White,9780064400558,Children,2
The Little Prince,Antoine de Saint-Exupery,9780156012195,Children,2
Wonder,R.J. Palacio,9780375869020,Children,2
Malgudi Days,R.K. Narayan,9780143039655,Fiction,2
The Alchemist,Paulo Coelho,9780062315007,Fiction,3
To Kill a Mockingbird,Harper Lee,9780061120084,Classics,2
Pride and Prejudice,Jane Austen,9780141439518,Classics,2
Animal Farm,George Orwell,9780451526342,Classics,2
The Diary of a Young Girl,Anne Frank,9780553296983,Biography,2
The Story of My Experiments with Truth,Mahatma Gandhi,9780807059098,Biography,2
Rich Dad Poor Dad,Robert Kiyosaki,9781612680194,Business,3
Think and Grow Rich,Napoleon Hill,9781585424337,Business,2
The Monk Who Sold His Ferrari,Robin Sharma,9788179921623,Self-help,2
Ikigai,Hector Garcia,9780143130727,Self-help,2
The Power of Your Subconscious Mind,Joseph Murphy,9780735204317,Self-help,1
A Brief History of Time,Stephen Hawking,9780553380163,Science,2
Cosmos,Carl Sagan,9780345539434,Science,1
Gitanjali,Rabindranath Tagore,9788171676415,Poetry,2
The Discovery of India,Jawaharlal Nehru,9780143031031,History,1
Let Us C,Yashavant Kanetkar,9789388511391,Technology,3
Introduction to Algorithms,Thomas H. Cormen,9780262033848,Technology,1
Computer Networks,Andrew S. Tanenbaum,9780132126953,Technology,1
